1;Kreowanie wizerunku w biznesie i polityce (CD) autor: Grażyna Białopiotrowicz;audiobooki;1;1;25;zł;24,45;1;0;1;http://www.matras.pl/media/catalog/product/cache/1/small_image/160x210/040ec09b1e35df139433887a97daa66f/k/r/kreowanie_wizerunku_w_biznesie_i_polityce_cd_IMAGE1_252146.jpg;0
2;Pamiętniki Tatusia Muminka (CD) autor: Tove Jansson;audiobooki;1;1;24;zł;12,45;1;0;1;http://www.matras.pl/media/catalog/product/cache/1/small_image/160x210/040ec09b1e35df139433887a97daa66f/p/a/pamietniki_tatusia_muminka_cd_IMAGE1_255746_3.jpg;0
3;Kocha, lubi, szanuje, czyli jeszcze o uczuciach (CD) autor: Grzegorz Kasdepke;audiobooki;1;1;34;zł;17,31;1;0;1;http://www.matras.pl/media/catalog/product/cache/1/small_image/160x210/040ec09b1e35df139433887a97daa66f/k/o/kocha__lubi__szanuje__czyli_jeszcze_o_uczuciach_cd_IMAGE1_247498_3.jpg;0
4;Kafka nad morzem (CD) autor: Haruki Murakami;audiobooki;1;1;69;zł;28,54;1;0;1;http://www.matras.pl/media/catalog/product/cache/1/small_image/160x210/040ec09b1e35df139433887a97daa66f/k/a/kafka_nad_morzem_cd_IMAGE1_257715.jpg.jpg;0
5;Mariamne (CD) autor: Par Lagerkvist;audiobooki;1;1;50;zł;23,72;1;0;1;http://www.matras.pl/media/catalog/product/cache/1/small_image/160x210/040ec09b1e35df139433887a97daa66f/m/a/mariamne_cd_IMAGE1_255365.jpg.jpg;0
6;Myszy i ludzie (CD) autor: John Steinbeck;audiobooki;1;1;86;zł;20,44;1;0;1;http://www.matras.pl/media/catalog/product/cache/1/small_image/160x210/040ec09b1e35df139433887a97daa66f/m/y/myszy_i_ludzie_cd_IMAGE1_247776.jpg.jpg;0
7;Cienka czerwona linia (2DVD MP3) autor: Jones James;audiobooki;1;1;57;zł;28,61;1;0;1;http://www.matras.pl/media/catalog/product/cache/1/small_image/160x210/040ec09b1e35df139433887a97daa66f/f/i/file_147670.jpg;0
8;Bajki Pana Bałagana (CD MP3) autor: Jerzy Niemczuk;audiobooki;1;1;58;zł;18,95;1;0;1;http://www.matras.pl/media/catalog/product/cache/1/small_image/160x210/040ec09b1e35df139433887a97daa66f/f/i/file_144970.jpg;0
9;Ania z Zielonego Wzgórza (CD MP3) autor: Lucy Maud Montgomery;audiobooki;1;1;8;zł;28,54;1;0;1;http://www.matras.pl/media/catalog/product/cache/1/small_image/160x210/040ec09b1e35df139433887a97daa66f/a/n/ania_z_zielonego_wzgorza_cd_mp3_IMAGE1_227706_4.jpg;0
10;Książę Mgły (CD MP3) autor: Carlos Ruiz Zafon;audiobooki;1;1;3;zł;20,45;1;0;1;http://www.matras.pl/media/catalog/product/cache/1/small_image/160x210/040ec09b1e35df139433887a97daa66f/f/i/file_139107.jpg;0
11;Pan Wołodyjowski (CD) autor: Henryk Sienkiewicz;audiobooki;1;1;5;zł;20;1;0;1;http://www.matras.pl/media/catalog/product/cache/1/small_image/160x210/040ec09b1e35df139433887a97daa66f/p/a/pan_wolodyjowski_cd_IMAGE1_213563.jpg;0
12;Kamienie na szaniec (CD) autor: Aleksander Kamiński;audiobooki;1;1;50;zł;20,45;1;0;1;http://www.matras.pl/media/catalog/product/cache/1/small_image/160x210/040ec09b1e35df139433887a97daa66f/k/a/kamienie_na_szaniec_cd_IMAGE1_213579_3.jpg;0
13;Potop (3CD) autor: Henryk Sienkiewicz;audiobooki;1;1;71;zł;23,2;1;0;1;http://www.matras.pl/media/catalog/product/cache/1/small_image/160x210/040ec09b1e35df139433887a97daa66f/p/o/potop_3cd_IMAGE1_213562_6.jpg;0
14;Cylinder van Troffa (CD) autor: Janusz A. Zajdel;audiobooki;1;1;10;zł;20,36;1;0;1;http://www.matras.pl/media/catalog/product/cache/1/small_image/160x210/040ec09b1e35df139433887a97daa66f/f/i/file_99883.jpg;0
15;Limes inferior (CD) autor: Janusz A. Zajdel;audiobooki;1;1;25;zł;20,36;1;0;1;http://www.matras.pl/media/catalog/product/cache/1/small_image/160x210/040ec09b1e35df139433887a97daa66f/f/i/file_99871.jpg;0
16;Martin Eden (CDmp3) autor: Jack London;audiobooki;1;1;55;zł;24,52;1;0;1;http://www.matras.pl/media/catalog/product/cache/1/small_image/160x210/040ec09b1e35df139433887a97daa66f/f/i/file_99642.jpg;0
17;Łowcyota (CD) autor: James Curwood;audiobooki;1;1;59;zł;20,44;1;0;1;http://www.matras.pl/media/catalog/product/cache/1/small_image/160x210/040ec09b1e35df139433887a97daa66f/f/i/file_99621.jpg;0
18;Bari, syn szarej Wilczycy (CD) autor: James Curwood;audiobooki;1;1;91;zł;20,44;1;0;1;http://www.matras.pl/media/catalog/product/cache/1/small_image/160x210/040ec09b1e35df139433887a97daa66f/f/i/file_99598.jpg;0
19;Tato 2CD/mp3 autor: William Wharton;audiobooki;1;1;13;zł;28,7;1;0;1;http://www.matras.pl/media/catalog/product/cache/1/small_image/160x210/040ec09b1e35df139433887a97daa66f/f/i/file_99576.jpg;0
20;Szara wilczyca (CD) autor: James Curwood;audiobooki;1;1;32;zł;20,44;1;0;1;http://www.matras.pl/media/catalog/product/cache/1/small_image/160x210/040ec09b1e35df139433887a97daa66f/f/i/file_99560.jpg;0
